{
    "resourceType": "ActivityDefinition",
    "id": "emcareb.registration.e",
    "extension": [
        {
            "url": "http://hl7.org/fhir/uv/cpg/StructureDefinition/cpg-knowledgeCapability",
            "valueCode": "shareable"
        },
        {
            "url": "http://hl7.org/fhir/uv/cpg/StructureDefinition/cpg-knowledgeCapability",
            "valueCode": "computable"
        },
        {
            "url": "http://hl7.org/fhir/uv/cpg/StructureDefinition/cpg-knowledgeCapability",
            "valueCode": "publishable"
        },
        {
            "url": "http://hl7.org/fhir/uv/cpg/StructureDefinition/cpg-knowledgeRepresentationLevel",
            "valueCode": "structured"
        },
        {
            "url": "http://hl7.org/fhir/uv/cpg/StructureDefinition/cpg-collectWith",
            "valueCanonical": "https://fhir.dk.swisstph-mis.ch/matchbox/fhir/Questionnaire/emcareb.registration.e"
        }
    ],
    "url": "https://fhir.dk.swisstph-mis.ch/matchbox/fhir/ActivityDefinition/emcareb.registration.e"
}