{
  "resourceType": "PlanDefinition",
  "id": "emcaredt01",
  "action": [
    {
      "id": "emcaredt01",
      "description": "Register a child < 5 years",
      "definitionCanonical": "https://fhir.dk.swisstph-mis.ch/matchbox/fhir/ActivityDefinition/emcarea.registration.p"
    },
    {
      "id": "emcaredt02",
      "description": "Register the child in the encounter",
      "definitionCanonical": "https://fhir.dk.swisstph-mis.ch/matchbox/fhir/ActivityDefinition/emcareb.registration.e"
    },
    {
      "id": "emcaredt04",
      "description": "Evaluate DangerSigns",
      "definitionCanonical": "https://fhir.dk.swisstph-mis.ch/matchbox/fhir/ActivityDefinition/emcare.b7.lti-dangersigns"
    },
    {
      "id": "emcaredt03",
      "description": "Determine Basic Anthropometric and others measurement",
      "definitionCanonical": "https://fhir.dk.swisstph-mis.ch/matchbox/fhir/ActivityDefinition/emcare.b6.measurements"
    },
    {
      "id": "emcaredt05",
      "description": "Assess sick child for Symptoms 2 m",
      "definitionCanonical": "https://fhir.dk.swisstph-mis.ch/matchbox/fhir/ActivityDefinition/emcare.b18-21.symptoms.2m.m"
    },
    {
      "id": "emcaredt06",
      "description": "Assess sick child for Symptoms 2p",
      "definitionCanonical": "https://fhir.dk.swisstph-mis.ch/matchbox/fhir/ActivityDefinition/emcare.b10-14.symptoms.2m.p"
    },
    {
      "id": "emcaredt07",
      "description": "Assess sick child for Signs 2 m",
      "definitionCanonical": "https://fhir.dk.swisstph-mis.ch/matchbox/fhir/ActivityDefinition/emcare.b18-21.signs.2m.m"
    },
    {
      "id": "emcaredt08",
      "description": "Assess sick child for Signs 2p",
      "definitionCanonical": "https://fhir.dk.swisstph-mis.ch/matchbox/fhir/ActivityDefinition/emcare.b10-16.signs.2m.p"
    },
    {
      "id": "emcaredt09",
      "description": "Propose classification",
      "definitionCanonical": "https://fhir.dk.swisstph-mis.ch/matchbox/fhir/ActivityDefinition/emcare.b23.classification"
    },
    {
      "id": "emcaredt10",
      "description": "Do Test",
      "definitionCanonical": "https://fhir.dk.swisstph-mis.ch/matchbox/fhir/ActivityDefinition/emcare.b22.assessmentstests"
    },
    {
      "id": "emcaredt11",
      "description": "Provide treatment",
      "definitionCanonical": "https://fhir.dk.swisstph-mis.ch/matchbox/fhir/ActivityDefinition/emcare.treatment"
    },
    {
      "id": "emcaredt12",
      "description": "Propose classification 2m",
      "definitionCanonical": "https://fhir.dk.swisstph-mis.ch/matchbox/fhir/ActivityDefinition/emcare.b23.classification.2m"
    }
  ]
}
